stamp,state_id,v_x,v_y
0.0,,-0.36227778127762245,1.5151942635876736
0.01,,0.05829941998598666,0.6652908280645051
0.02,,-0.012240274919036512,1.014890328176835
0.03,,-0.5960961645257163,1.353287121283401
0.04,,0.2676289851647343,1.4348070252870717
0.05,,0.07679431218743878,0.837222340561979
0.06,,0.6545022161898804,1.0730600449196013
0.07,,0.2850345793988297,0.9955574924284842
0.08,,0.01657430904168465,1.0631504508243912
0.09,,0.16203447033374044,1.4200248182857127
0.1,,0.24254195287831826,0.46245763810856544
0.11,,-0.2570996996608907,1.420897361112519
0.12,,0.014951270542147815,1.115043046197362
0.13,,-0.13961977750744858,1.308068390372962
0.14,,0.017848472304607288,1.451310307118872
0.15,,-0.0188690429531905,1.342355904088898
0.16,,0.37258098025220665,0.758786904937863
0.17,,0.5167155042323339,0.700462906222606
0.18,,-0.08105738834351597,1.2120688424020438
0.19,,-0.008891609143586998,0.7942145685947899
0.2,,0.17503819746744023,1.0833402027018362
0.21,,-0.021723061012520944,0.7540050372450886
0.22,,0.012651986924944597,1.0496304771125988
0.23,,0.37359585337081846,0.3944293686996605
0.24,,0.39736929619922057,0.897130478450199
0.25,,0.6314993044251875,1.0366425482165487
0.26,,0.3962724561423442,0.626864078361887
0.27,,0.2467765368781809,0.8636111668754415
0.28,,-0.15648437457870246,0.6201259551899223
0.29,,0.19349495219480053,0.7000156533630244
0.3,,0.052875534437687194,1.1686544768067022
0.31,,0.7670333703083031,1.1396899203057689
0.32,,0.6933539317596976,1.48827542486086
0.33,,0.6529480977551327,0.6556061019963507
0.34,,0.3001741690428683,1.1420400346225186
0.35,,0.21171169862206496,1.0822905985896316
0.36,,-0.14709883104665,0.6738616490651259
0.37,,0.5288618924029151,0.2248984758105358
0.38,,0.02063101942661716,0.9230616114862098
0.39,,-0.16353185848746515,0.9429723048410096
0.4,,0.30381370496980553,1.0099991622496516
0.41,,0.002053149721714387,0.9560563819689272
0.42,,-0.025345027545660037,0.702032759265712
0.43,,0.5616134663109553,0.4466027400928125
0.44,,0.5092925136714936,1.1590289636986115
0.45,,0.7306280713463775,0.9815529236289277
0.46,,0.3714724716840895,0.23778055810770748
0.47,,0.8535363697070293,1.1461646819346893
0.48,,0.7654547330531675,1.0245380168413392
0.49,,0.6857278604581144,1.473325876840414
0.5,,0.8924841645396302,0.686390315624375
0.51,,0.6894825963254783,1.3183895587159886
0.52,,1.0094576088351488,0.6128811558801767
0.53,,0.4259469687615038,0.9838322349223627
0.54,,0.4227470074883173,0.7338055071602074
0.55,,0.7389874408941882,0.7407664726894208
0.56,,-0.034201501495908504,0.9616812793405519
0.57,,0.40539564188147137,0.6105705670375812
0.58,,0.05289405924262136,1.1570614637833287
0.59,,-0.14791382932502672,0.29356420956149165
0.6,,0.282422087324046,0.4787603668075522
0.61,,0.7905942837967128,0.20387131135186554
0.62,,0.4721500497009602,1.1000515167291485
0.63,,0.6853462901427231,1.268239904542125
0.64,,0.5125635456839179,1.4493218594963522
0.65,,0.4269041231773185,0.7351084733210687
0.66,,0.2781553321362137,0.8546784013915505
0.67,,0.8720011140199395,0.7926518321444994
0.68,,1.1299332833559306,1.1659753460658977
0.69,,0.6343347885875376,0.8095913232950712
0.7,,0.20187423451507497,0.7906994419574582
0.71,,0.5063870771293257,0.9621243963240367
0.72,,0.7769171378562288,1.337778779012396
0.73,,0.7118534687505244,0.9075590931190529
0.74,,0.7920691097192736,0.6915119600318357
0.75,,0.6236425253377756,1.0798557033477607
0.76,,0.9355876835511998,0.5257890984529233
0.77,,0.3440358271817141,0.6965937480148602
0.78,,1.0705589899679409,0.70220798169294
0.79,,1.2626245391775868,0.4587465702649745
0.8,,0.7254289209000558,1.1360326903387075
0.81,,0.8204781799147325,1.153333128303851
0.82,,0.7423990075827267,1.003434302899597
0.83,,0.9642490748711254,1.2226383401629966
0.84,,0.3979897703374681,0.4960270318725698
0.85,,0.44319471915612124,0.5543731706339015
0.86,,0.3793928280718106,0.4867275124683539
0.87,,0.3039678945047821,0.9595845802505855
0.88,,0.6607589903821979,0.1970824418078257
0.89,,0.9893032066457976,0.528656284059108
0.9,,1.170755206865619,0.28844944698860286
0.91,,1.0475594109558979,0.4200856604831499
0.92,,0.9199136783371074,0.029046056254037445
0.93,,1.1706815134016761,0.5852896378768931
0.94,,1.0876808138921836,0.6498275502677868
0.95,,1.0657854359156775,0.5494493484020148
0.96,,1.0542615474103854,0.0961511885002459
0.97,,0.4831349853558975,0.7947145549008399
0.98,,0.8181081180544061,0.48468412623421625
0.99,,0.7792275839137636,0.707349271064363
1.0,,0.5176773370840067,0.6812682841979247
1.01,,0.6157138771001974,0.8685652945955107
1.02,,1.2081225748712463,0.7898143392225493
1.03,,0.5157145249876787,0.38770969464125493
1.04,,0.4023833755286371,0.04446572563494183
1.05,,0.4586894697986557,0.5486242586864573
1.06,,0.700811836240442,0.7518977085897318
1.07,,1.3572621828633213,0.152068808895706
1.08,,1.029370122277819,0.4865379798893804
1.09,,0.5104884238485929,0.40658509615073496
1.1,,0.857541713652046,-0.42899443722423986
1.11,,0.751461650174317,0.13479301151701845
1.12,,1.1191116808994446,0.28431295635337184
1.13,,0.8003569530263165,0.8526519596119833
1.14,,0.5768891466608903,0.5177308389631071
1.15,,0.31342790745448634,0.4368622792403419
1.16,,1.046540528911844,0.6712546058803381
1.17,,0.6365620191561021,0.4912360849511431
1.18,,1.0252152042212872,0.3748432476793328
1.19,,0.9758082799374193,0.5182422952938678
1.2,,1.5529920516695026,-0.4267039235275706
1.21,,0.5920401638058757,0.69617101203968
1.22,,1.036435091985485,0.49623898852146364
1.23,,1.4253405263886096,0.2254709932963995
1.24,,0.5226640752792946,0.40867798995300636
1.25,,0.6827703761976427,0.3635293477691636
1.26,,0.848114477587629,-0.0408456795872254
1.27,,1.436057340043977,0.4840875636346924
1.28,,0.7209386970695234,0.6379150945748253
1.29,,0.7709991241379401,1.2461359133439678
1.3,,0.537062921011654,0.6793967314851557
1.31,,0.8515169412274755,-0.21179767425547352
1.32,,0.7813623914627821,-0.48070043638315485
1.33,,0.9610869044775339,0.27404780092164177
1.34,,1.0645828568855837,0.7024962119525678
1.35,,0.8805463410370226,0.47434666788469537
1.36,,1.0766031455259235,0.1481049954016147
1.37,,0.32316559754647667,0.49907589844564204
1.38,,0.8224829743044011,0.19531898280141569
1.39,,0.5819458416828789,0.26930402312279517
1.4,,0.8542752415604475,0.16094960492961977
1.41,,1.4722902955783257,-0.21578579097350106
1.42,,1.0193647564818475,-0.15971029781862078
1.43,,0.876968621803233,0.08384924204877126
1.44,,1.548968784485972,0.44396549563469345
1.45,,0.9511878482012166,-0.6593140299171
1.46,,1.2307815711584287,0.01815401363696903
1.47,,0.945021028672004,-0.021184852975583895
1.48,,0.9748540469062634,0.10059966463279935
1.49,,0.4059338629548598,0.0804538316704677
1.5,,1.4065512933783406,-0.06808604880009524
1.51,,1.1847393341108996,-0.15408113474589774
1.52,,0.6980062358310536,-0.1719606468973034
1.53,,0.9846636256010378,-0.028384581840903325
1.54,,1.486265824706157,-0.3324607132697181
1.55,,0.6549885091146466,0.5584415272251151
1.56,,1.1924560166740341,-0.5841582384254574
1.57,,1.1572499791058586,0.07584751602563976
1.58,,0.3218248962536946,-0.12606944343702933
1.59,,0.9942958747092048,0.2120872911478589
1.6,,1.2975567727983166,-0.14101473269125725
1.61,,1.170315470350805,-0.3267794832184302
1.62,,0.6198008385173636,-0.5182898168585438
1.63,,1.077972770586023,-0.33419827824522325
1.64,,1.129597250632302,-0.2566109328645031
1.65,,0.5641546590171803,0.2153310008737142
1.66,,1.8124618213801678,-0.015470141214418198
1.67,,0.4235458751374436,0.11286957610556114
1.68,,0.3715633341895046,-0.4952348038029599
1.69,,1.367530519628748,-0.3412808016154949
1.7,,1.2491827189543945,0.11796176803528452
1.71,,0.5273524132537992,-0.18760894004035533
1.72,,0.959660100404539,-0.22387346405744007
1.73,,0.7483922916304154,0.42694406867570117
1.74,,1.0518413537505757,0.32334178605932756
1.75,,0.8040053396423552,-0.5140156734427352
1.76,,1.0239747368261107,-0.36618789195185353
1.77,,1.736054990910937,-0.12027929528054639
1.78,,1.3426804563853876,-0.2785905788884585
1.79,,0.8729612836774632,-0.2272274692147341
1.8,,1.1324687962832243,0.1087615554929161
1.81,,0.8991850258333101,-0.25395413064553346
1.82,,0.7042001172850133,-0.14384656990337163
1.83,,0.8255505687980647,-0.7656461575552815
1.84,,0.9374806931858675,-0.1661689306389274
1.85,,0.9852885929037969,-0.0415509499959599
1.86,,0.867209559987332,-0.7639740869900302
1.87,,0.83703751809861,-0.24275604078684407
1.88,,1.0770184738369772,-0.04466002336782676
1.89,,1.4477984679854659,-0.6009380940428648
1.9,,1.1380618522984158,0.40204762956568246
1.91,,0.6805474115545114,-0.6551367300682378
1.92,,0.871765968691259,-0.019202637685760637
1.93,,1.1021177282115666,-0.5024087638653133
1.94,,0.9212339192560708,-0.03293235966102798
1.95,,1.1416607553311329,0.3978975066507121
1.96,,1.243237573015874,-0.26764399393485033
1.97,,1.11576432310816,-0.49904324443317083
1.98,,0.6082389833354613,-0.3435012540338966
